"Example CSV for csvimport.module - http://github.com/xurizaemon/csvimport",,,,,,,
123,"This","This","This","This","This","This","This"
124,"Is","Is","Is","Is","Is","Is","Is"
125,"An","An","An","An","An","An","An"
126,"Example","Example","Example","Example","Example","Example","Example"
127,"CSV","CSV","CSV","CSV","CSV","CSV","CSV"
128,"For","For","For","For","For","For","For"
129,"Use","Use","Use","Use","Use","Use","Use"
130,"With","With","With","With","With","With","With"
131,"CSVimport","CSVimport","CSVimport","CSVimport","CSVimport","CSVimport","CSVimport"
132,"Module","Module","Module","Module","Module","Module","Module"
133,"Visit","Visit","Visit","Visit","Visit","Visit","Visit"
134,"http://github.com/xurizaemon/csvimport","http://github.com/xurizaemon/csvimport","http://github.com/xurizaemon/csvimport","http://github.com/xurizaemon/csvimport","http://github.com/xurizaemon/csvimport","http://github.com/xurizaemon/csvimport","http://github.com/xurizaemon/csvimport"
135,"For","For","For","For","For","For","For"
136,"More","More","More","More","More","More","More"
137,"Details","Details","Details","Details","Details","Details","Details"
138,"Follow","Follow","Follow","Follow","Follow","Follow","Follow"
139,"@grobot","@grobot","@grobot","@grobot","@grobot","@grobot","@grobot"
0,"ROW","FAILS",,,,,
140,"On","On","On","On","On","On","On"
141,"Twitter","Twitter","Twitter","Twitter","Twitter","Twitter","Twitter"
142,"For","For","For","For","For","For","For"
143,"More","More","More","More","More","More","More"
144,"This","This","This","This","This","This","This"
145,"Is","Is","Is","Is","Is","Is","Is"
146,"An","An","An","An","An","An","An"
147,"Example","Example","Example","Example","Example","Example","Example"
148,"CSV","CSV","CSV","CSV","CSV","CSV","CSV"
149,"For","For","For","For","For","For","For"
150,"Use","Use","Use","Use","Use","Use","Use"
151,"With","With","With","With","With","With","With"
152,"CSVimport","CSVimport","CSVimport","CSVimport","CSVimport","CSVimport","CSVimport"
153,"Module","Module","Module","Module","Module","Module","Module"
154,"Visit","Visit","Visit","Visit","Visit","Visit","Visit"
155,"http://github.com/xurizaemon/csvimport","http://github.com/xurizaemon/csvimport","http://github.com/xurizaemon/csvimport","http://github.com/xurizaemon/csvimport","http://github.com/xurizaemon/csvimport","http://github.com/xurizaemon/csvimport","http://github.com/xurizaemon/csvimport"
156,"For","For","For","For","For","For","For"
157,"More","More","More","More","More","More","More"
158,"Details","Details","Details","Details","Details","Details","Details"
159,"Follow","Follow","Follow","Follow","Follow","Follow","Follow"
160,"@grobot","@grobot","@grobot","@grobot","@grobot","@grobot","@grobot"
161,"On","On","On","On","On","On","On"
162,"Twitter","Twitter","Twitter","Twitter","Twitter","Twitter","Twitter"
163,"For","For","For","For","For","For","For"
164,"More","More","More","More","More","More","More"
165,"This","This","This","This","This","This","This"
166,"Is","Is","Is","Is","Is","Is","Is"
167,"An","An","An","An","An","An","An"
168,"Example","Example","Example","Example","Example","Example","Example"
169,"CSV","CSV","CSV","CSV","CSV","CSV","CSV"
170,"For","For","For","For","For","For","For"
171,"Use","Use","Use","Use","Use","Use","Use"
172,"With","With","With","With","With","With","With"
173,"CSVimport","CSVimport","CSVimport","CSVimport","CSVimport","CSVimport","CSVimport"
174,"Module","Module","Module","Module","Module","Module","Module"
175,"Visit","Visit","Visit","Visit","Visit","Visit","Visit"
176,"http://github.com/xurizaemon/csvimport","http://github.com/xurizaemon/csvimport","http://github.com/xurizaemon/csvimport","http://github.com/xurizaemon/csvimport","http://github.com/xurizaemon/csvimport","http://github.com/xurizaemon/csvimport","http://github.com/xurizaemon/csvimport"
177,"For","For","For","For","For","For","For"
178,"More","More","More","More","More","More","More"
179,"Details","Details","Details","Details","Details","Details","Details"
180,"Follow","Follow","Follow","Follow","Follow","Follow","Follow"
181,"@grobot","@grobot","@grobot","@grobot","@grobot","@grobot","@grobot"
182,"On","On","On","On","On","On","On"
183,"Twitter","Twitter","Twitter","Twitter","Twitter","Twitter","Twitter"
184,"For","For","For","For","For","For","For"
185,"More","More","More","More","More","More","More"
,"ROW","FAILS","Some","Bad","Data","Here","Uh-oh!"
186,"This","This","This","This","This","This","This"
187,"Is","Is","Is","Is","Is","Is","Is"
188,"An","An","An","An","An","An","An"
189,"Example","Example","Example","Example","Example","Example","Example"
190,"CSV","CSV","CSV","CSV","CSV","CSV","CSV"
191,"For","For","For","For","For","For","For"
192,"Use","Use","Use","Use","Use","Use","Use"
193,"With","With","With","With","With","With","With"
194,"CSVimport","CSVimport","CSVimport","CSVimport","CSVimport","CSVimport","CSVimport"
195,"Module","Module","Module","Module","Module","Module","Module"
196,"Visit","Visit","Visit","Visit","Visit","Visit","Visit"
197,"http://github.com/xurizaemon/csvimport","http://github.com/xurizaemon/csvimport","http://github.com/xurizaemon/csvimport","http://github.com/xurizaemon/csvimport","http://github.com/xurizaemon/csvimport","http://github.com/xurizaemon/csvimport","http://github.com/xurizaemon/csvimport"
198,"For","For","For","For","For","For","For"
199,"More","More","More","More","More","More","More"
200,"Details","Details","Details","Details","Details","Details","Details"
201,"Follow","Follow","Follow","Follow","Follow","Follow","Follow"
202,"@grobot","@grobot","@grobot","@grobot","@grobot","@grobot","@grobot"
203,"On","On","On","On","On","On","On"
204,"Twitter","Twitter","Twitter","Twitter","Twitter","Twitter","Twitter"
205,"For","For","For","For","For","For","For"
206,"More","More","More","More","More","More","More"
207,"This","This","This","This","This","This","This"
208,"Is","Is","Is","Is","Is","Is","Is"
209,"An","An","An","An","An","An","An"
210,"Example","Example","Example","Example","Example","Example","Example"
211,"CSV","CSV","CSV","CSV","CSV","CSV","CSV"
212,"For","For","For","For","For","For","For"
213,"Use","Use","Use","Use","Use","Use","Use"
214,"With","With","With","With","With","With","With"
215,"CSVimport","CSVimport","CSVimport","CSVimport","CSVimport","CSVimport","CSVimport"
216,"Module","Module","Module","Module","Module","Module","Module"
217,"Visit","Visit","Visit","Visit","Visit","Visit","Visit"
218,"http://github.com/xurizaemon/csvimport","http://github.com/xurizaemon/csvimport","http://github.com/xurizaemon/csvimport","http://github.com/xurizaemon/csvimport","http://github.com/xurizaemon/csvimport","http://github.com/xurizaemon/csvimport","http://github.com/xurizaemon/csvimport"
219,"For","For","For","For","For","For","For"
220,"More","More","More","More","More","More","More"
221,"Details","Details","Details","Details","Details","Details","Details"
222,"Follow","Follow","Follow","Follow","Follow","Follow","Follow"
223,"@grobot","@grobot","@grobot","@grobot","@grobot","@grobot","@grobot"
224,"On","On","On","On","On","On","On"
225,"Twitter","Twitter","Twitter","Twitter","Twitter","Twitter","Twitter"
226,"For","For","For","For","For","For","For"
227,"More","More","More","More","More","More","More"
,"ROW","FAILS","BAD","BAD","BAD","DATA","GRRR"
228,"This","This","This","This","This","This","This"
229,"Is","Is","Is","Is","Is","Is","Is"
230,"An","An","An","An","An","An","An"
231,"Example","Example","Example","Example","Example","Example","Example"
232,"CSV","CSV","CSV","CSV","CSV","CSV","CSV"
233,"For","For","For","For","For","For","For"
234,"Use","Use","Use","Use","Use","Use","Use"
235,"With","With","With","With","With","With","With"
236,"CSVimport","CSVimport","CSVimport","CSVimport","CSVimport","CSVimport","CSVimport"
237,"Module","Module","Module","Module","Module","Module","Module"
238,"Visit","Visit","Visit","Visit","Visit","Visit","Visit"
239,"http://github.com/xurizaemon/csvimport","http://github.com/xurizaemon/csvimport","http://github.com/xurizaemon/csvimport","http://github.com/xurizaemon/csvimport","http://github.com/xurizaemon/csvimport","http://github.com/xurizaemon/csvimport","http://github.com/xurizaemon/csvimport"
240,"For","For","For","For","For","For","For"
241,"More","More","More","More","More","More","More"
242,"Details","Details","Details","Details","Details","Details","Details"
243,"Follow","Follow","Follow","Follow","Follow","Follow","Follow"
244,"@grobot","@grobot","@grobot","@grobot","@grobot","@grobot","@grobot"
245,"On","On","On","On","On","On","On"
246,"Twitter","Twitter","Twitter","Twitter","Twitter","Twitter","Twitter"
247,"For","For","For","For","For","For","For"
248,"More","More","More","More","More","More","More"
249,"This","This","This","This","This","This","This"
250,"Is","Is","Is","Is","Is","Is","Is"
251,"An","An","An","An","An","An","An"
252,"Example","Example","Example","Example","Example","Example","Example"
253,"CSV","CSV","CSV","CSV","CSV","CSV","CSV"
254,"For","For","For","For","For","For","For"
255,"Use","Use","Use","Use","Use","Use","Use"
256,"With","With","With","With","With","With","With"
257,"CSVimport","CSVimport","CSVimport","CSVimport","CSVimport","CSVimport","CSVimport"
258,"Module","Module","Module","Module","Module","Module","Module"
259,"Visit","Visit","Visit","Visit","Visit","Visit","Visit"
260,"http://github.com/xurizaemon/csvimport","http://github.com/xurizaemon/csvimport","http://github.com/xurizaemon/csvimport","http://github.com/xurizaemon/csvimport","http://github.com/xurizaemon/csvimport","http://github.com/xurizaemon/csvimport","http://github.com/xurizaemon/csvimport"
261,"For","For","For","For","For","For","For"
262,"More","More","More","More","More","More","More"
263,"Details","Details","Details","Details","Details","Details","Details"
264,"Follow","Follow","Follow","Follow","Follow","Follow","Follow"
265,"@grobot","@grobot","@grobot","@grobot","@grobot","@grobot","@grobot"
266,"On","On","On","On","On","On","On"
267,"Twitter","Twitter","Twitter","Twitter","Twitter","Twitter","Twitter"
268,"For","For","For","For","For","For","For"
269,"More","More","More","More","More","More","More"
666,"ROW","FAILS","OH","NO","OH","NO",
270,"This","This","This","This","This","This","This"
271,"Is","Is","Is","Is","Is","Is","Is"
272,"An","An","An","An","An","An","An"
273,"Example","Example","Example","Example","Example","Example","Example"
274,"CSV","CSV","CSV","CSV","CSV","CSV","CSV"
275,"For","For","For","For","For","For","For"
276,"Use","Use","Use","Use","Use","Use","Use"
277,"With","With","With","With","With","With","With"
278,"CSVimport","CSVimport","CSVimport","CSVimport","CSVimport","CSVimport","CSVimport"
279,"Module","Module","Module","Module","Module","Module","Module"
280,"Visit","Visit","Visit","Visit","Visit","Visit","Visit"
281,"http://github.com/xurizaemon/csvimport","http://github.com/xurizaemon/csvimport","http://github.com/xurizaemon/csvimport","http://github.com/xurizaemon/csvimport","http://github.com/xurizaemon/csvimport","http://github.com/xurizaemon/csvimport","http://github.com/xurizaemon/csvimport"
282,"For","For","For","For","For","For","For"
283,"More","More","More","More","More","More","More"
284,"Details","Details","Details","Details","Details","Details","Details"
285,"Follow","Follow","Follow","Follow","Follow","Follow","Follow"
286,"@grobot","@grobot","@grobot","@grobot","@grobot","@grobot","@grobot"
287,"On","On","On","On","On","On","On"
288,"Twitter","Twitter","Twitter","Twitter","Twitter","Twitter","Twitter"
289,"For","For","For","For","For","For","For"
290,"More","More","More","More","More","More","More"
291,"This","This","This","This","This","This","This"
292,"Is","Is","Is","Is","Is","Is","Is"
293,"An","An","An","An","An","An","An"
294,"Example","Example","Example","Example","Example","Example","Example"
295,"CSV","CSV","CSV","CSV","CSV","CSV","CSV"
296,"For","For","For","For","For","For","For"
297,"Use","Use","Use","Use","Use","Use","Use"
298,"With","With","With","With","With","With","With"
299,"CSVimport","CSVimport","CSVimport","CSVimport","CSVimport","CSVimport","CSVimport"
300,"Module","Module","Module","Module","Module","Module","Module"
301,"Visit","Visit","Visit","Visit","Visit","Visit","Visit"
302,"http://github.com/xurizaemon/csvimport","http://github.com/xurizaemon/csvimport","http://github.com/xurizaemon/csvimport","http://github.com/xurizaemon/csvimport","http://github.com/xurizaemon/csvimport","http://github.com/xurizaemon/csvimport","http://github.com/xurizaemon/csvimport"
303,"For","For","For","For","For","For","For"
304,"More","More","More","More","More","More","More"
305,"Details","Details","Details","Details","Details","Details","Details"
306,"Follow","Follow","Follow","Follow","Follow","Follow","Follow"
307,"@grobot","@grobot","@grobot","@grobot","@grobot","@grobot","@grobot"
308,"On","On","On","On","On","On","On"
309,"Twitter","Twitter","Twitter","Twitter","Twitter","Twitter","Twitter"
310,"For","For","For","For","For","For","For"
311,"More","More","More","More","More","More","More"
312,"This","This","This","This","This","This","This"
313,"Is","Is","Is","Is","Is","Is","Is"
314,"An","An","An","An","An","An","An"
315,"Example","Example","Example","Example","Example","Example","Example"
316,"CSV","CSV","CSV","CSV","CSV","CSV","CSV"
317,"For","For","For","For","For","For","For"
318,"Use","Use","Use","Use","Use","Use","Use"
319,"With","With","With","With","With","With","With"
320,"CSVimport","CSVimport","CSVimport","CSVimport","CSVimport","CSVimport","CSVimport"
321,"Module","Module","Module","Module","Module","Module","Module"
322,"Visit","Visit","Visit","Visit","Visit","Visit","Visit"
323,"http://github.com/xurizaemon/csvimport","http://github.com/xurizaemon/csvimport","http://github.com/xurizaemon/csvimport","http://github.com/xurizaemon/csvimport","http://github.com/xurizaemon/csvimport","http://github.com/xurizaemon/csvimport","http://github.com/xurizaemon/csvimport"
324,"For","For","For","For","For","For","For"
325,"More","More","More","More","More","More","More"
326,"Details","Details","Details","Details","Details","Details","Details"
327,"Follow","Follow","Follow","Follow","Follow","Follow","Follow"
328,"@grobot","@grobot","@grobot","@grobot","@grobot","@grobot","@grobot"
329,"On","On","On","On","On","On","On"
330,"Twitter","Twitter","Twitter","Twitter","Twitter","Twitter","Twitter"
331,"For","For","For","For","For","For","For"
332,"More","More","More","More","More","More","More"
333,"This","This","This","This","This","This","This"
334,"Is","Is","Is","Is","Is","Is","Is"
335,"An","An","An","An","An","An","An"
336,"Example","Example","Example","Example","Example","Example","Example"
337,"CSV","CSV","CSV","CSV","CSV","CSV","CSV"
338,"For","For","For","For","For","For","For"
339,"Use","Use","Use","Use","Use","Use","Use"
340,"With","With","With","With","With","With","With"
341,"CSVimport","CSVimport","CSVimport","CSVimport","CSVimport","CSVimport","CSVimport"
342,"Module","Module","Module","Module","Module","Module","Module"
343,"Visit","Visit","Visit","Visit","Visit","Visit","Visit"
344,"http://github.com/xurizaemon/csvimport","http://github.com/xurizaemon/csvimport","http://github.com/xurizaemon/csvimport","http://github.com/xurizaemon/csvimport","http://github.com/xurizaemon/csvimport","http://github.com/xurizaemon/csvimport","http://github.com/xurizaemon/csvimport"
345,"For","For","For","For","For","For","For"
346,"More","More","More","More","More","More","More"
347,"Details","Details","Details","Details","Details","Details","Details"
348,"Follow","Follow","Follow","Follow","Follow","Follow","Follow"
349,"@grobot","@grobot","@grobot","@grobot","@grobot","@grobot","@grobot"
350,"On","On","On","On","On","On","On"
351,"Twitter","Twitter","Twitter","Twitter","Twitter","Twitter","Twitter"
352,"For","For","For","For","For","For","For"
353,"More","More","More","More","More","More","More"
354,"This","This","This","This","This","This","This"
355,"Is","Is","Is","Is","Is","Is","Is"
356,"An","An","An","An","An","An","An"
357,"Example","Example","Example","Example","Example","Example","Example"
358,"CSV","CSV","CSV","CSV","CSV","CSV","CSV"
359,"For","For","For","For","For","For","For"
360,"Use","Use","Use","Use","Use","Use","Use"
361,"With","With","With","With","With","With","With"
362,"CSVimport","CSVimport","CSVimport","CSVimport","CSVimport","CSVimport","CSVimport"
363,"Module","Module","Module","Module","Module","Module","Module"
364,"Visit","Visit","Visit","Visit","Visit","Visit","Visit"
365,"http://github.com/xurizaemon/csvimport","http://github.com/xurizaemon/csvimport","http://github.com/xurizaemon/csvimport","http://github.com/xurizaemon/csvimport","http://github.com/xurizaemon/csvimport","http://github.com/xurizaemon/csvimport","http://github.com/xurizaemon/csvimport"
366,"For","For","For","For","For","For","For"
367,"More","More","More","More","More","More","More"
368,"Details","Details","Details","Details","Details","Details","Details"
369,"Follow","Follow","Follow","Follow","Follow","Follow","Follow"
370,"@grobot","@grobot","@grobot","@grobot","@grobot","@grobot","@grobot"
371,"On","On","On","On","On","On","On"
372,"Twitter","Twitter","Twitter","Twitter","Twitter","Twitter","Twitter"
373,"For","For","For","For","For","For","For"
374,"More","More","More","More","More","More","More"
375,"This","This","This","This","This","This","This"
376,"Is","Is","Is","Is","Is","Is","Is"
377,"An","An","An","An","An","An","An"
378,"Example","Example","Example","Example","Example","Example","Example"
379,"CSV","CSV","CSV","CSV","CSV","CSV","CSV"
380,"For","For","For","For","For","For","For"
381,"Use","Use","Use","Use","Use","Use","Use"
382,"With","With","With","With","With","With","With"
383,"CSVimport","CSVimport","CSVimport","CSVimport","CSVimport","CSVimport","CSVimport"
384,"Module","Module","Module","Module","Module","Module","Module"
385,"Visit","Visit","Visit","Visit","Visit","Visit","Visit"
386,"http://github.com/xurizaemon/csvimport","http://github.com/xurizaemon/csvimport","http://github.com/xurizaemon/csvimport","http://github.com/xurizaemon/csvimport","http://github.com/xurizaemon/csvimport","http://github.com/xurizaemon/csvimport","http://github.com/xurizaemon/csvimport"
387,"For","For","For","For","For","For","For"
388,"More","More","More","More","More","More","More"
389,"Details","Details","Details","Details","Details","Details","Details"
390,"Follow","Follow","Follow","Follow","Follow","Follow","Follow"
391,"@grobot","@grobot","@grobot","@grobot","@grobot","@grobot","@grobot"
392,"On","On","On","On","On","On","On"
393,"Twitter","Twitter","Twitter","Twitter","Twitter","Twitter","Twitter"
394,"For","For","For","For","For","For","For"
395,"More","More","More","More","More","More","More"
396,"This","This","This","This","This","This","This"
397,"Is","Is","Is","Is","Is","Is","Is"
398,"An","An","An","An","An","An","An"
399,"Example","Example","Example","Example","Example","Example","Example"
400,"CSV","CSV","CSV","CSV","CSV","CSV","CSV"
401,"For","For","For","For","For","For","For"
402,"Use","Use","Use","Use","Use","Use","Use"
403,"With","With","With","With","With","With","With"
404,"CSVimport","CSVimport","CSVimport","CSVimport","CSVimport","CSVimport","CSVimport"
405,"Module","Module","Module","Module","Module","Module","Module"
406,"Visit","Visit","Visit","Visit","Visit","Visit","Visit"
407,"http://github.com/xurizaemon/csvimport","http://github.com/xurizaemon/csvimport","http://github.com/xurizaemon/csvimport","http://github.com/xurizaemon/csvimport","http://github.com/xurizaemon/csvimport","http://github.com/xurizaemon/csvimport","http://github.com/xurizaemon/csvimport"
408,"For","For","For","For","For","For","For"
409,"More","More","More","More","More","More","More"
410,"Details","Details","Details","Details","Details","Details","Details"
411,"Follow","Follow","Follow","Follow","Follow","Follow","Follow"
412,"@grobot","@grobot","@grobot","@grobot","@grobot","@grobot","@grobot"
413,"On","On","On","On","On","On","On"
414,"Twitter","Twitter","Twitter","Twitter","Twitter","Twitter","Twitter"
415,"For","For","For","For","For","For","For"
416,"More","More","More","More","More","More","More"
417,"This","This","This","This","This","This","This"
418,"Is","Is","Is","Is","Is","Is","Is"
419,"An","An","An","An","An","An","An"
420,"Example","Example","Example","Example","Example","Example","Example"
421,"CSV","CSV","CSV","CSV","CSV","CSV","CSV"
422,"For","For","For","For","For","For","For"
423,"Use","Use","Use","Use","Use","Use","Use"
424,"With","With","With","With","With","With","With"
425,"CSVimport","CSVimport","CSVimport","CSVimport","CSVimport","CSVimport","CSVimport"
426,"Module","Module","Module","Module","Module","Module","Module"
427,"Visit","Visit","Visit","Visit","Visit","Visit","Visit"
428,"http://github.com/xurizaemon/csvimport","http://github.com/xurizaemon/csvimport","http://github.com/xurizaemon/csvimport","http://github.com/xurizaemon/csvimport","http://github.com/xurizaemon/csvimport","http://github.com/xurizaemon/csvimport","http://github.com/xurizaemon/csvimport"
429,"For","For","For","For","For","For","For"
430,"More","More","More","More","More","More","More"
431,"Details","Details","Details","Details","Details","Details","Details"
432,"Follow","Follow","Follow","Follow","Follow","Follow","Follow"
433,"@grobot","@grobot","@grobot","@grobot","@grobot","@grobot","@grobot"
434,"On","On","On","On","On","On","On"
435,"Twitter","Twitter","Twitter","Twitter","Twitter","Twitter","Twitter"
436,"For","For","For","For","For","For","For"
437,"More","More","More","More","More","More","More"
438,"This","This","This","This","This","This","This"
439,"Is","Is","Is","Is","Is","Is","Is"
440,"An","An","An","An","An","An","An"
441,"Example","Example","Example","Example","Example","Example","Example"
442,"CSV","CSV","CSV","CSV","CSV","CSV","CSV"
443,"For","For","For","For","For","For","For"
444,"Use","Use","Use","Use","Use","Use","Use"
445,"With","With","With","With","With","With","With"
446,"CSVimport","CSVimport","CSVimport","CSVimport","CSVimport","CSVimport","CSVimport"
447,"Module","Module","Module","Module","Module","Module","Module"
448,"Visit","Visit","Visit","Visit","Visit","Visit","Visit"
449,"http://github.com/xurizaemon/csvimport","http://github.com/xurizaemon/csvimport","http://github.com/xurizaemon/csvimport","http://github.com/xurizaemon/csvimport","http://github.com/xurizaemon/csvimport","http://github.com/xurizaemon/csvimport","http://github.com/xurizaemon/csvimport"
450,"For","For","For","For","For","For","For"
451,"More","More","More","More","More","More","More"
452,"Details","Details","Details","Details","Details","Details","Details"
453,"Follow","Follow","Follow","Follow","Follow","Follow","Follow"
454,"@grobot","@grobot","@grobot","@grobot","@grobot","@grobot","@grobot"
455,"On","On","On","On","On","On","On"
456,"Twitter","Twitter","Twitter","Twitter","Twitter","Twitter","Twitter"
457,"For","For","For","For","For","For","For"
458,"More","More","More","More","More","More","More"
459,"This","This","This","This","This","This","This"
460,"Is","Is","Is","Is","Is","Is","Is"
461,"An","An","An","An","An","An","An"
462,"Example","Example","Example","Example","Example","Example","Example"
463,"CSV","CSV","CSV","CSV","CSV","CSV","CSV"
464,"For","For","For","For","For","For","For"
465,"Use","Use","Use","Use","Use","Use","Use"
466,"With","With","With","With","With","With","With"
467,"CSVimport","CSVimport","CSVimport","CSVimport","CSVimport","CSVimport","CSVimport"
468,"Module","Module","Module","Module","Module","Module","Module"
469,"Visit","Visit","Visit","Visit","Visit","Visit","Visit"
470,"http://github.com/xurizaemon/csvimport","http://github.com/xurizaemon/csvimport","http://github.com/xurizaemon/csvimport","http://github.com/xurizaemon/csvimport","http://github.com/xurizaemon/csvimport","http://github.com/xurizaemon/csvimport","http://github.com/xurizaemon/csvimport"
471,"For","For","For","For","For","For","For"
472,"More","More","More","More","More","More","More"
473,"Details","Details","Details","Details","Details","Details","Details"
474,"Follow","Follow","Follow","Follow","Follow","Follow","Follow"
475,"@grobot","@grobot","@grobot","@grobot","@grobot","@grobot","@grobot"
476,"On","On","On","On","On","On","On"
477,"Twitter","Twitter","Twitter","Twitter","Twitter","Twitter","Twitter"
478,"For","For","For","For","For","For","For"
479,"More","More","More","More","More","More","More"
480,"This","This","This","This","This","This","This"
481,"Is","Is","Is","Is","Is","Is","Is"
482,"An","An","An","An","An","An","An"
483,"Example","Example","Example","Example","Example","Example","Example"
484,"CSV","CSV","CSV","CSV","CSV","CSV","CSV"
485,"For","For","For","For","For","For","For"
486,"Use","Use","Use","Use","Use","Use","Use"
487,"With","With","With","With","With","With","With"
488,"CSVimport","CSVimport","CSVimport","CSVimport","CSVimport","CSVimport","CSVimport"
489,"Module","Module","Module","Module","Module","Module","Module"
490,"Visit","Visit","Visit","Visit","Visit","Visit","Visit"
491,"http://github.com/xurizaemon/csvimport","http://github.com/xurizaemon/csvimport","http://github.com/xurizaemon/csvimport","http://github.com/xurizaemon/csvimport","http://github.com/xurizaemon/csvimport","http://github.com/xurizaemon/csvimport","http://github.com/xurizaemon/csvimport"
492,"For","For","For","For","For","For","For"
493,"More","More","More","More","More","More","More"
494,"Details","Details","Details","Details","Details","Details","Details"
495,"Follow","Follow","Follow","Follow","Follow","Follow","Follow"
496,"@grobot","@grobot","@grobot","@grobot","@grobot","@grobot","@grobot"
497,"On","On","On","On","On","On","On"
498,"Twitter","Twitter","Twitter","Twitter","Twitter","Twitter","Twitter"
499,"For","For","For","For","For","For","For"
500,"More","More","More","More","More","More","More"
501,"This","This","This","This","This","This","This"
502,"Is","Is","Is","Is","Is","Is","Is"
503,"An","An","An","An","An","An","An"
504,"Example","Example","Example","Example","Example","Example","Example"
505,"CSV","CSV","CSV","CSV","CSV","CSV","CSV"
506,"For","For","For","For","For","For","For"
507,"Use","Use","Use","Use","Use","Use","Use"
508,"With","With","With","With","With","With","With"
509,"CSVimport","CSVimport","CSVimport","CSVimport","CSVimport","CSVimport","CSVimport"
510,"Module","Module","Module","Module","Module","Module","Module"
511,"Visit","Visit","Visit","Visit","Visit","Visit","Visit"
512,"http://github.com/xurizaemon/csvimport","http://github.com/xurizaemon/csvimport","http://github.com/xurizaemon/csvimport","http://github.com/xurizaemon/csvimport","http://github.com/xurizaemon/csvimport","http://github.com/xurizaemon/csvimport","http://github.com/xurizaemon/csvimport"
513,"For","For","For","For","For","For","For"
514,"More","More","More","More","More","More","More"
515,"Details","Details","Details","Details","Details","Details","Details"
516,"Follow","Follow","Follow","Follow","Follow","Follow","Follow"
517,"@grobot","@grobot","@grobot","@grobot","@grobot","@grobot","@grobot"
518,"On","On","On","On","On","On","On"
519,"Twitter","Twitter","Twitter","Twitter","Twitter","Twitter","Twitter"
520,"For","For","For","For","For","For","For"
521,"More","More","More","More","More","More","More"
522,"This","This","This","This","This","This","This"
523,"Is","Is","Is","Is","Is","Is","Is"
524,"An","An","An","An","An","An","An"
525,"Example","Example","Example","Example","Example","Example","Example"
526,"CSV","CSV","CSV","CSV","CSV","CSV","CSV"
527,"For","For","For","For","For","For","For"
528,"Use","Use","Use","Use","Use","Use","Use"
529,"With","With","With","With","With","With","With"
530,"CSVimport","CSVimport","CSVimport","CSVimport","CSVimport","CSVimport","CSVimport"
531,"Module","Module","Module","Module","Module","Module","Module"
532,"Visit","Visit","Visit","Visit","Visit","Visit","Visit"
533,"http://github.com/xurizaemon/csvimport","http://github.com/xurizaemon/csvimport","http://github.com/xurizaemon/csvimport","http://github.com/xurizaemon/csvimport","http://github.com/xurizaemon/csvimport","http://github.com/xurizaemon/csvimport","http://github.com/xurizaemon/csvimport"
534,"For","For","For","For","For","For","For"
535,"More","More","More","More","More","More","More"
536,"Details","Details","Details","Details","Details","Details","Details"
537,"Follow","Follow","Follow","Follow","Follow","Follow","Follow"
538,"@grobot","@grobot","@grobot","@grobot","@grobot","@grobot","@grobot"
539,"On","On","On","On","On","On","On"
540,"Twitter","Twitter","Twitter","Twitter","Twitter","Twitter","Twitter"
541,"For","For","For","For","For","For","For"
542,"More","More","More","More","More","More","More"
543,"This","This","This","This","This","This","This"
544,"Is","Is","Is","Is","Is","Is","Is"
545,"An","An","An","An","An","An","An"
546,"Example","Example","Example","Example","Example","Example","Example"
547,"CSV","CSV","CSV","CSV","CSV","CSV","CSV"
548,"For","For","For","For","For","For","For"
549,"Use","Use","Use","Use","Use","Use","Use"
550,"With","With","With","With","With","With","With"
551,"CSVimport","CSVimport","CSVimport","CSVimport","CSVimport","CSVimport","CSVimport"
552,"Module","Module","Module","Module","Module","Module","Module"
553,"Visit","Visit","Visit","Visit","Visit","Visit","Visit"
554,"http://github.com/xurizaemon/csvimport","http://github.com/xurizaemon/csvimport","http://github.com/xurizaemon/csvimport","http://github.com/xurizaemon/csvimport","http://github.com/xurizaemon/csvimport","http://github.com/xurizaemon/csvimport","http://github.com/xurizaemon/csvimport"
555,"For","For","For","For","For","For","For"
556,"More","More","More","More","More","More","More"
557,"Details","Details","Details","Details","Details","Details","Details"
558,"Follow","Follow","Follow","Follow","Follow","Follow","Follow"
559,"@grobot","@grobot","@grobot","@grobot","@grobot","@grobot","@grobot"
560,"On","On","On","On","On","On","On"
561,"Twitter","Twitter","Twitter","Twitter","Twitter","Twitter","Twitter"
562,"For","For","For","For","For","For","For"
563,"More","More","More","More","More","More","More"
564,"This","This","This","This","This","This","This"
565,"Is","Is","Is","Is","Is","Is","Is"
566,"An","An","An","An","An","An","An"
567,"Example","Example","Example","Example","Example","Example","Example"
568,"CSV","CSV","CSV","CSV","CSV","CSV","CSV"
569,"For","For","For","For","For","For","For"
570,"Use","Use","Use","Use","Use","Use","Use"
571,"With","With","With","With","With","With","With"
572,"CSVimport","CSVimport","CSVimport","CSVimport","CSVimport","CSVimport","CSVimport"
573,"Module","Module","Module","Module","Module","Module","Module"
574,"Visit","Visit","Visit","Visit","Visit","Visit","Visit"
575,"http://github.com/xurizaemon/csvimport","http://github.com/xurizaemon/csvimport","http://github.com/xurizaemon/csvimport","http://github.com/xurizaemon/csvimport","http://github.com/xurizaemon/csvimport","http://github.com/xurizaemon/csvimport","http://github.com/xurizaemon/csvimport"
576,"For","For","For","For","For","For","For"
577,"More","More","More","More","More","More","More"
578,"Details","Details","Details","Details","Details","Details","Details"
579,"Follow","Follow","Follow","Follow","Follow","Follow","Follow"
580,"@grobot","@grobot","@grobot","@grobot","@grobot","@grobot","@grobot"
581,"On","On","On","On","On","On","On"
582,"Twitter","Twitter","Twitter","Twitter","Twitter","Twitter","Twitter"
583,"For","For","For","For","For","For","For"
584,"More","More","More","More","More","More","More"
585,"This","This","This","This","This","This","This"
586,"Is","Is","Is","Is","Is","Is","Is"
587,"An","An","An","An","An","An","An"
588,"Example","Example","Example","Example","Example","Example","Example"
589,"CSV","CSV","CSV","CSV","CSV","CSV","CSV"
590,"For","For","For","For","For","For","For"
591,"Use","Use","Use","Use","Use","Use","Use"
592,"With","With","With","With","With","With","With"
593,"CSVimport","CSVimport","CSVimport","CSVimport","CSVimport","CSVimport","CSVimport"
594,"Module","Module","Module","Module","Module","Module","Module"
595,"Visit","Visit","Visit","Visit","Visit","Visit","Visit"
596,"http://github.com/xurizaemon/csvimport","http://github.com/xurizaemon/csvimport","http://github.com/xurizaemon/csvimport","http://github.com/xurizaemon/csvimport","http://github.com/xurizaemon/csvimport","http://github.com/xurizaemon/csvimport","http://github.com/xurizaemon/csvimport"
597,"For","For","For","For","For","For","For"
598,"More","More","More","More","More","More","More"
599,"Details","Details","Details","Details","Details","Details","Details"
600,"Follow","Follow","Follow","Follow","Follow","Follow","Follow"
601,"@grobot","@grobot","@grobot","@grobot","@grobot","@grobot","@grobot"
602,"On","On","On","On","On","On","On"
603,"Twitter","Twitter","Twitter","Twitter","Twitter","Twitter","Twitter"
604,"For","For","For","For","For","For","For"
605,"More","More","More","More","More","More","More"
606,"This","This","This","This","This","This","This"
607,"Is","Is","Is","Is","Is","Is","Is"
608,"An","An","An","An","An","An","An"
609,"Example","Example","Example","Example","Example","Example","Example"
610,"CSV","CSV","CSV","CSV","CSV","CSV","CSV"
611,"For","For","For","For","For","For","For"
612,"Use","Use","Use","Use","Use","Use","Use"
613,"With","With","With","With","With","With","With"
614,"CSVimport","CSVimport","CSVimport","CSVimport","CSVimport","CSVimport","CSVimport"
615,"Module","Module","Module","Module","Module","Module","Module"
616,"Visit","Visit","Visit","Visit","Visit","Visit","Visit"
617,"http://github.com/xurizaemon/csvimport","http://github.com/xurizaemon/csvimport","http://github.com/xurizaemon/csvimport","http://github.com/xurizaemon/csvimport","http://github.com/xurizaemon/csvimport","http://github.com/xurizaemon/csvimport","http://github.com/xurizaemon/csvimport"
618,"For","For","For","For","For","For","For"
619,"More","More","More","More","More","More","More"
620,"Details","Details","Details","Details","Details","Details","Details"
621,"Follow","Follow","Follow","Follow","Follow","Follow","Follow"
622,"@grobot","@grobot","@grobot","@grobot","@grobot","@grobot","@grobot"
623,"On","On","On","On","On","On","On"
624,"Twitter","Twitter","Twitter","Twitter","Twitter","Twitter","Twitter"
625,"For","For","For","For","For","For","For"
626,"More","More","More","More","More","More","More"
627,"This","This","This","This","This","This","This"
628,"Is","Is","Is","Is","Is","Is","Is"
629,"An","An","An","An","An","An","An"
630,"Example","Example","Example","Example","Example","Example","Example"
631,"CSV","CSV","CSV","CSV","CSV","CSV","CSV"
632,"For","For","For","For","For","For","For"
633,"Use","Use","Use","Use","Use","Use","Use"
634,"With","With","With","With","With","With","With"
635,"CSVimport","CSVimport","CSVimport","CSVimport","CSVimport","CSVimport","CSVimport"
636,"Module","Module","Module","Module","Module","Module","Module"
637,"Visit","Visit","Visit","Visit","Visit","Visit","Visit"
638,"http://github.com/xurizaemon/csvimport","http://github.com/xurizaemon/csvimport","http://github.com/xurizaemon/csvimport","http://github.com/xurizaemon/csvimport","http://github.com/xurizaemon/csvimport","http://github.com/xurizaemon/csvimport","http://github.com/xurizaemon/csvimport"
639,"For","For","For","For","For","For","For"
640,"More","More","More","More","More","More","More"
641,"Details","Details","Details","Details","Details","Details","Details"
642,"Follow","Follow","Follow","Follow","Follow","Follow","Follow"
643,"@grobot","@grobot","@grobot","@grobot","@grobot","@grobot","@grobot"
644,"On","On","On","On","On","On","On"
645,"Twitter","Twitter","Twitter","Twitter","Twitter","Twitter","Twitter"
646,"For","For","For","For","For","For","For"
647,"More","More","More","More","More","More","More"
648,"This","This","This","This","This","This","This"
649,"Is","Is","Is","Is","Is","Is","Is"
650,"An","An","An","An","An","An","An"
651,"Example","Example","Example","Example","Example","Example","Example"
652,"CSV","CSV","CSV","CSV","CSV","CSV","CSV"
653,"For","For","For","For","For","For","For"
654,"Use","Use","Use","Use","Use","Use","Use"
655,"With","With","With","With","With","With","With"
656,"CSVimport","CSVimport","CSVimport","CSVimport","CSVimport","CSVimport","CSVimport"
657,"Module","Module","Module","Module","Module","Module","Module"
658,"Visit","Visit","Visit","Visit","Visit","Visit","Visit"
659,"http://github.com/xurizaemon/csvimport","http://github.com/xurizaemon/csvimport","http://github.com/xurizaemon/csvimport","http://github.com/xurizaemon/csvimport","http://github.com/xurizaemon/csvimport","http://github.com/xurizaemon/csvimport","http://github.com/xurizaemon/csvimport"
660,"For","For","For","For","For","For","For"
661,"More","More","More","More","More","More","More"
662,"Details","Details","Details","Details","Details","Details","Details"
663,"Follow","Follow","Follow","Follow","Follow","Follow","Follow"
664,"@grobot","@grobot","@grobot","@grobot","@grobot","@grobot","@grobot"
665,"On","On","On","On","On","On","On"
666,"Twitter","Twitter","Twitter","Twitter","Twitter","Twitter","Twitter"
667,"For","For","For","For","For","For","For"
668,"More","More","More","More","More","More","More"
669,"This","This","This","This","This","This","This"
670,"Is","Is","Is","Is","Is","Is","Is"
671,"An","An","An","An","An","An","An"
672,"Example","Example","Example","Example","Example","Example","Example"
673,"CSV","CSV","CSV","CSV","CSV","CSV","CSV"
674,"For","For","For","For","For","For","For"
675,"Use","Use","Use","Use","Use","Use","Use"
676,"With","With","With","With","With","With","With"
677,"CSVimport","CSVimport","CSVimport","CSVimport","CSVimport","CSVimport","CSVimport"
678,"Module","Module","Module","Module","Module","Module","Module"
679,"Visit","Visit","Visit","Visit","Visit","Visit","Visit"
680,"http://github.com/xurizaemon/csvimport","http://github.com/xurizaemon/csvimport","http://github.com/xurizaemon/csvimport","http://github.com/xurizaemon/csvimport","http://github.com/xurizaemon/csvimport","http://github.com/xurizaemon/csvimport","http://github.com/xurizaemon/csvimport"
681,"For","For","For","For","For","For","For"
682,"More","More","More","More","More","More","More"
683,"Details","Details","Details","Details","Details","Details","Details"
684,"Follow","Follow","Follow","Follow","Follow","Follow","Follow"
685,"@grobot","@grobot","@grobot","@grobot","@grobot","@grobot","@grobot"
686,"On","On","On","On","On","On","On"
687,"Twitter","Twitter","Twitter","Twitter","Twitter","Twitter","Twitter"
688,"For","For","For","For","For","For","For"
689,"More","More","More","More","More","More","More"
690,"This","This","This","This","This","This","This"
691,"Is","Is","Is","Is","Is","Is","Is"
692,"An","An","An","An","An","An","An"
693,"Example","Example","Example","Example","Example","Example","Example"
694,"CSV","CSV","CSV","CSV","CSV","CSV","CSV"
695,"For","For","For","For","For","For","For"
696,"Use","Use","Use","Use","Use","Use","Use"
697,"With","With","With","With","With","With","With"
698,"CSVimport","CSVimport","CSVimport","CSVimport","CSVimport","CSVimport","CSVimport"
699,"Module","Module","Module","Module","Module","Module","Module"
700,"Visit","Visit","Visit","Visit","Visit","Visit","Visit"
701,"http://github.com/xurizaemon/csvimport","http://github.com/xurizaemon/csvimport","http://github.com/xurizaemon/csvimport","http://github.com/xurizaemon/csvimport","http://github.com/xurizaemon/csvimport","http://github.com/xurizaemon/csvimport","http://github.com/xurizaemon/csvimport"
702,"For","For","For","For","For","For","For"
703,"More","More","More","More","More","More","More"
704,"Details","Details","Details","Details","Details","Details","Details"
705,"Follow","Follow","Follow","Follow","Follow","Follow","Follow"
706,"@grobot","@grobot","@grobot","@grobot","@grobot","@grobot","@grobot"
707,"On","On","On","On","On","On","On"
708,"Twitter","Twitter","Twitter","Twitter","Twitter","Twitter","Twitter"
709,"For","For","For","For","For","For","For"
710,"More","More","More","More","More","More","More"
711,"This","This","This","This","This","This","This"
712,"Is","Is","Is","Is","Is","Is","Is"
713,"An","An","An","An","An","An","An"
714,"Example","Example","Example","Example","Example","Example","Example"
715,"CSV","CSV","CSV","CSV","CSV","CSV","CSV"
716,"For","For","For","For","For","For","For"
717,"Use","Use","Use","Use","Use","Use","Use"
718,"With","With","With","With","With","With","With"
719,"CSVimport","CSVimport","CSVimport","CSVimport","CSVimport","CSVimport","CSVimport"
720,"Module","Module","Module","Module","Module","Module","Module"
721,"Visit","Visit","Visit","Visit","Visit","Visit","Visit"
722,"http://github.com/xurizaemon/csvimport","http://github.com/xurizaemon/csvimport","http://github.com/xurizaemon/csvimport","http://github.com/xurizaemon/csvimport","http://github.com/xurizaemon/csvimport","http://github.com/xurizaemon/csvimport","http://github.com/xurizaemon/csvimport"
723,"For","For","For","For","For","For","For"
724,"More","More","More","More","More","More","More"
725,"Details","Details","Details","Details","Details","Details","Details"
726,"Follow","Follow","Follow","Follow","Follow","Follow","Follow"
727,"@grobot","@grobot","@grobot","@grobot","@grobot","@grobot","@grobot"
728,"On","On","On","On","On","On","On"
729,"Twitter","Twitter","Twitter","Twitter","Twitter","Twitter","Twitter"
730,"For","For","For","For","For","For","For"
731,"More","More","More","More","More","More","More"
732,"This","This","This","This","This","This","This"
733,"Is","Is","Is","Is","Is","Is","Is"
734,"An","An","An","An","An","An","An"
735,"Example","Example","Example","Example","Example","Example","Example"
736,"CSV","CSV","CSV","CSV","CSV","CSV","CSV"
737,"For","For","For","For","For","For","For"
738,"Use","Use","Use","Use","Use","Use","Use"
739,"With","With","With","With","With","With","With"
740,"CSVimport","CSVimport","CSVimport","CSVimport","CSVimport","CSVimport","CSVimport"
741,"Module","Module","Module","Module","Module","Module","Module"
742,"Visit","Visit","Visit","Visit","Visit","Visit","Visit"
743,"http://github.com/xurizaemon/csvimport","http://github.com/xurizaemon/csvimport","http://github.com/xurizaemon/csvimport","http://github.com/xurizaemon/csvimport","http://github.com/xurizaemon/csvimport","http://github.com/xurizaemon/csvimport","http://github.com/xurizaemon/csvimport"
744,"For","For","For","For","For","For","For"
745,"More","More","More","More","More","More","More"
746,"Details","Details","Details","Details","Details","Details","Details"
747,"Follow","Follow","Follow","Follow","Follow","Follow","Follow"
748,"@grobot","@grobot","@grobot","@grobot","@grobot","@grobot","@grobot"
749,"On","On","On","On","On","On","On"
750,"Twitter","Twitter","Twitter","Twitter","Twitter","Twitter","Twitter"
751,"For","For","For","For","For","For","For"
752,"More","More","More","More","More","More","More"
753,"This","This","This","This","This","This","This"
754,"Is","Is","Is","Is","Is","Is","Is"
755,"An","An","An","An","An","An","An"
756,"Example","Example","Example","Example","Example","Example","Example"
757,"CSV","CSV","CSV","CSV","CSV","CSV","CSV"
758,"For","For","For","For","For","For","For"
759,"Use","Use","Use","Use","Use","Use","Use"
760,"With","With","With","With","With","With","With"
761,"CSVimport","CSVimport","CSVimport","CSVimport","CSVimport","CSVimport","CSVimport"
762,"Module","Module","Module","Module","Module","Module","Module"
763,"Visit","Visit","Visit","Visit","Visit","Visit","Visit"
764,"http://github.com/xurizaemon/csvimport","http://github.com/xurizaemon/csvimport","http://github.com/xurizaemon/csvimport","http://github.com/xurizaemon/csvimport","http://github.com/xurizaemon/csvimport","http://github.com/xurizaemon/csvimport","http://github.com/xurizaemon/csvimport"
765,"For","For","For","For","For","For","For"
766,"More","More","More","More","More","More","More"
767,"Details","Details","Details","Details","Details","Details","Details"
768,"Follow","Follow","Follow","Follow","Follow","Follow","Follow"
769,"@grobot","@grobot","@grobot","@grobot","@grobot","@grobot","@grobot"
770,"On","On","On","On","On","On","On"
771,"Twitter","Twitter","Twitter","Twitter","Twitter","Twitter","Twitter"
772,"For","For","For","For","For","For","For"
773,"More","More","More","More","More","More","More"
774,"This","This","This","This","This","This","This"
775,"Is","Is","Is","Is","Is","Is","Is"
776,"An","An","An","An","An","An","An"
777,"Example","Example","Example","Example","Example","Example","Example"
778,"CSV","CSV","CSV","CSV","CSV","CSV","CSV"
779,"For","For","For","For","For","For","For"
780,"Use","Use","Use","Use","Use","Use","Use"
781,"With","With","With","With","With","With","With"
782,"CSVimport","CSVimport","CSVimport","CSVimport","CSVimport","CSVimport","CSVimport"
783,"Module","Module","Module","Module","Module","Module","Module"
784,"Visit","Visit","Visit","Visit","Visit","Visit","Visit"
785,"http://github.com/xurizaemon/csvimport","http://github.com/xurizaemon/csvimport","http://github.com/xurizaemon/csvimport","http://github.com/xurizaemon/csvimport","http://github.com/xurizaemon/csvimport","http://github.com/xurizaemon/csvimport","http://github.com/xurizaemon/csvimport"
786,"For","For","For","For","For","For","For"
787,"More","More","More","More","More","More","More"
788,"Details","Details","Details","Details","Details","Details","Details"
789,"Follow","Follow","Follow","Follow","Follow","Follow","Follow"
790,"@grobot","@grobot","@grobot","@grobot","@grobot","@grobot","@grobot"
791,"On","On","On","On","On","On","On"
792,"Twitter","Twitter","Twitter","Twitter","Twitter","Twitter","Twitter"
793,"For","For","For","For","For","For","For"
794,"More","More","More","More","More","More","More"
795,"This","This","This","This","This","This","This"
796,"Is","Is","Is","Is","Is","Is","Is"
797,"An","An","An","An","An","An","An"
798,"Example","Example","Example","Example","Example","Example","Example"
799,"CSV","CSV","CSV","CSV","CSV","CSV","CSV"
800,"For","For","For","For","For","For","For"
801,"Use","Use","Use","Use","Use","Use","Use"
802,"With","With","With","With","With","With","With"
803,"CSVimport","CSVimport","CSVimport","CSVimport","CSVimport","CSVimport","CSVimport"
804,"Module","Module","Module","Module","Module","Module","Module"
805,"Visit","Visit","Visit","Visit","Visit","Visit","Visit"
806,"http://github.com/xurizaemon/csvimport","http://github.com/xurizaemon/csvimport","http://github.com/xurizaemon/csvimport","http://github.com/xurizaemon/csvimport","http://github.com/xurizaemon/csvimport","http://github.com/xurizaemon/csvimport","http://github.com/xurizaemon/csvimport"
807,"For","For","For","For","For","For","For"
808,"More","More","More","More","More","More","More"
809,"Details","Details","Details","Details","Details","Details","Details"
810,"Follow","Follow","Follow","Follow","Follow","Follow","Follow"
811,"@grobot","@grobot","@grobot","@grobot","@grobot","@grobot","@grobot"
812,"On","On","On","On","On","On","On"
813,"Twitter","Twitter","Twitter","Twitter","Twitter","Twitter","Twitter"
814,"For","For","For","For","For","For","For"
815,"More","More","More","More","More","More","More"
816,"This","This","This","This","This","This","This"
817,"Is","Is","Is","Is","Is","Is","Is"
818,"An","An","An","An","An","An","An"
819,"Example","Example","Example","Example","Example","Example","Example"
820,"CSV","CSV","CSV","CSV","CSV","CSV","CSV"
821,"For","For","For","For","For","For","For"
822,"Use","Use","Use","Use","Use","Use","Use"
823,"With","With","With","With","With","With","With"
824,"CSVimport","CSVimport","CSVimport","CSVimport","CSVimport","CSVimport","CSVimport"
825,"Module","Module","Module","Module","Module","Module","Module"
826,"Visit","Visit","Visit","Visit","Visit","Visit","Visit"
827,"http://github.com/xurizaemon/csvimport","http://github.com/xurizaemon/csvimport","http://github.com/xurizaemon/csvimport","http://github.com/xurizaemon/csvimport","http://github.com/xurizaemon/csvimport","http://github.com/xurizaemon/csvimport","http://github.com/xurizaemon/csvimport"
828,"For","For","For","For","For","For","For"
829,"More","More","More","More","More","More","More"
830,"Details","Details","Details","Details","Details","Details","Details"
831,"Follow","Follow","Follow","Follow","Follow","Follow","Follow"
832,"@grobot","@grobot","@grobot","@grobot","@grobot","@grobot","@grobot"
833,"On","On","On","On","On","On","On"
834,"Twitter","Twitter","Twitter","Twitter","Twitter","Twitter","Twitter"
835,"For","For","For","For","For","For","For"
836,"More","More","More","More","More","More","More"
837,"This","This","This","This","This","This","This"
838,"Is","Is","Is","Is","Is","Is","Is"
839,"An","An","An","An","An","An","An"
840,"Example","Example","Example","Example","Example","Example","Example"
841,"CSV","CSV","CSV","CSV","CSV","CSV","CSV"
842,"For","For","For","For","For","For","For"
843,"Use","Use","Use","Use","Use","Use","Use"
844,"With","With","With","With","With","With","With"
845,"CSVimport","CSVimport","CSVimport","CSVimport","CSVimport","CSVimport","CSVimport"
846,"Module","Module","Module","Module","Module","Module","Module"
847,"Visit","Visit","Visit","Visit","Visit","Visit","Visit"
848,"http://github.com/xurizaemon/csvimport","http://github.com/xurizaemon/csvimport","http://github.com/xurizaemon/csvimport","http://github.com/xurizaemon/csvimport","http://github.com/xurizaemon/csvimport","http://github.com/xurizaemon/csvimport","http://github.com/xurizaemon/csvimport"
849,"For","For","For","For","For","For","For"
850,"More","More","More","More","More","More","More"
851,"Details","Details","Details","Details","Details","Details","Details"
852,"Follow","Follow","Follow","Follow","Follow","Follow","Follow"
853,"@grobot","@grobot","@grobot","@grobot","@grobot","@grobot","@grobot"
854,"On","On","On","On","On","On","On"
855,"Twitter","Twitter","Twitter","Twitter","Twitter","Twitter","Twitter"
856,"For","For","For","For","For","For","For"
857,"More","More","More","More","More","More","More"
858,"This","This","This","This","This","This","This"
859,"Is","Is","Is","Is","Is","Is","Is"
860,"An","An","An","An","An","An","An"
861,"Example","Example","Example","Example","Example","Example","Example"
862,"CSV","CSV","CSV","CSV","CSV","CSV","CSV"
863,"For","For","For","For","For","For","For"
864,"Use","Use","Use","Use","Use","Use","Use"
865,"With","With","With","With","With","With","With"
866,"CSVimport","CSVimport","CSVimport","CSVimport","CSVimport","CSVimport","CSVimport"
867,"Module","Module","Module","Module","Module","Module","Module"
868,"Visit","Visit","Visit","Visit","Visit","Visit","Visit"
869,"http://github.com/xurizaemon/csvimport","http://github.com/xurizaemon/csvimport","http://github.com/xurizaemon/csvimport","http://github.com/xurizaemon/csvimport","http://github.com/xurizaemon/csvimport","http://github.com/xurizaemon/csvimport","http://github.com/xurizaemon/csvimport"
870,"For","For","For","For","For","For","For"
871,"More","More","More","More","More","More","More"
872,"Details","Details","Details","Details","Details","Details","Details"
873,"Follow","Follow","Follow","Follow","Follow","Follow","Follow"
874,"@grobot","@grobot","@grobot","@grobot","@grobot","@grobot","@grobot"
875,"On","On","On","On","On","On","On"
876,"Twitter","Twitter","Twitter","Twitter","Twitter","Twitter","Twitter"
877,"For","For","For","For","For","For","For"
878,"More","More","More","More","More","More","More"
879,"This","This","This","This","This","This","This"
880,"Is","Is","Is","Is","Is","Is","Is"
881,"An","An","An","An","An","An","An"
882,"Example","Example","Example","Example","Example","Example","Example"
883,"CSV","CSV","CSV","CSV","CSV","CSV","CSV"
884,"For","For","For","For","For","For","For"
885,"Use","Use","Use","Use","Use","Use","Use"
886,"With","With","With","With","With","With","With"
887,"CSVimport","CSVimport","CSVimport","CSVimport","CSVimport","CSVimport","CSVimport"
888,"Module","Module","Module","Module","Module","Module","Module"
889,"Visit","Visit","Visit","Visit","Visit","Visit","Visit"
890,"http://github.com/xurizaemon/csvimport","http://github.com/xurizaemon/csvimport","http://github.com/xurizaemon/csvimport","http://github.com/xurizaemon/csvimport","http://github.com/xurizaemon/csvimport","http://github.com/xurizaemon/csvimport","http://github.com/xurizaemon/csvimport"
891,"For","For","For","For","For","For","For"
892,"More","More","More","More","More","More","More"
893,"Details","Details","Details","Details","Details","Details","Details"
894,"Follow","Follow","Follow","Follow","Follow","Follow","Follow"
895,"@grobot","@grobot","@grobot","@grobot","@grobot","@grobot","@grobot"
896,"On","On","On","On","On","On","On"
897,"Twitter","Twitter","Twitter","Twitter","Twitter","Twitter","Twitter"
898,"For","For","For","For","For","For","For"
899,"More","More","More","More","More","More","More"
900,"This","This","This","This","This","This","This"
901,"Is","Is","Is","Is","Is","Is","Is"
902,"An","An","An","An","An","An","An"
903,"Example","Example","Example","Example","Example","Example","Example"
904,"CSV","CSV","CSV","CSV","CSV","CSV","CSV"
905,"For","For","For","For","For","For","For"
906,"Use","Use","Use","Use","Use","Use","Use"
907,"With","With","With","With","With","With","With"
908,"CSVimport","CSVimport","CSVimport","CSVimport","CSVimport","CSVimport","CSVimport"
909,"Module","Module","Module","Module","Module","Module","Module"
910,"Visit","Visit","Visit","Visit","Visit","Visit","Visit"
911,"http://github.com/xurizaemon/csvimport","http://github.com/xurizaemon/csvimport","http://github.com/xurizaemon/csvimport","http://github.com/xurizaemon/csvimport","http://github.com/xurizaemon/csvimport","http://github.com/xurizaemon/csvimport","http://github.com/xurizaemon/csvimport"
912,"For","For","For","For","For","For","For"
913,"More","More","More","More","More","More","More"
914,"Details","Details","Details","Details","Details","Details","Details"
915,"Follow","Follow","Follow","Follow","Follow","Follow","Follow"
916,"@grobot","@grobot","@grobot","@grobot","@grobot","@grobot","@grobot"
917,"On","On","On","On","On","On","On"
918,"Twitter","Twitter","Twitter","Twitter","Twitter","Twitter","Twitter"
919,"For","For","For","For","For","For","For"
920,"More","More","More","More","More","More","More"
921,"This","This","This","This","This","This","This"
922,"Is","Is","Is","Is","Is","Is","Is"
923,"An","An","An","An","An","An","An"
924,"Example","Example","Example","Example","Example","Example","Example"
925,"CSV","CSV","CSV","CSV","CSV","CSV","CSV"
926,"For","For","For","For","For","For","For"
927,"Use","Use","Use","Use","Use","Use","Use"
928,"With","With","With","With","With","With","With"
929,"CSVimport","CSVimport","CSVimport","CSVimport","CSVimport","CSVimport","CSVimport"
930,"Module","Module","Module","Module","Module","Module","Module"
931,"Visit","Visit","Visit","Visit","Visit","Visit","Visit"
932,"http://github.com/xurizaemon/csvimport","http://github.com/xurizaemon/csvimport","http://github.com/xurizaemon/csvimport","http://github.com/xurizaemon/csvimport","http://github.com/xurizaemon/csvimport","http://github.com/xurizaemon/csvimport","http://github.com/xurizaemon/csvimport"
933,"For","For","For","For","For","For","For"
934,"More","More","More","More","More","More","More"
935,"Details","Details","Details","Details","Details","Details","Details"
936,"Follow","Follow","Follow","Follow","Follow","Follow","Follow"
937,"@grobot","@grobot","@grobot","@grobot","@grobot","@grobot","@grobot"
938,"On","On","On","On","On","On","On"
939,"Twitter","Twitter","Twitter","Twitter","Twitter","Twitter","Twitter"
940,"For","For","For","For","For","For","For"
941,"More","More","More","More","More","More","More"
942,"This","This","This","This","This","This","This"
943,"Is","Is","Is","Is","Is","Is","Is"
944,"An","An","An","An","An","An","An"
945,"Example","Example","Example","Example","Example","Example","Example"
946,"CSV","CSV","CSV","CSV","CSV","CSV","CSV"
947,"For","For","For","For","For","For","For"
948,"Use","Use","Use","Use","Use","Use","Use"
949,"With","With","With","With","With","With","With"
950,"CSVimport","CSVimport","CSVimport","CSVimport","CSVimport","CSVimport","CSVimport"
951,"Module","Module","Module","Module","Module","Module","Module"
952,"Visit","Visit","Visit","Visit","Visit","Visit","Visit"
953,"http://github.com/xurizaemon/csvimport","http://github.com/xurizaemon/csvimport","http://github.com/xurizaemon/csvimport","http://github.com/xurizaemon/csvimport","http://github.com/xurizaemon/csvimport","http://github.com/xurizaemon/csvimport","http://github.com/xurizaemon/csvimport"
954,"For","For","For","For","For","For","For"
955,"More","More","More","More","More","More","More"
956,"Details","Details","Details","Details","Details","Details","Details"
957,"Follow","Follow","Follow","Follow","Follow","Follow","Follow"
958,"@grobot","@grobot","@grobot","@grobot","@grobot","@grobot","@grobot"
959,"On","On","On","On","On","On","On"
960,"Twitter","Twitter","Twitter","Twitter","Twitter","Twitter","Twitter"
961,"For","For","For","For","For","For","For"
962,"More","More","More","More","More","More","More"
963,"This","This","This","This","This","This","This"
964,"Is","Is","Is","Is","Is","Is","Is"
965,"An","An","An","An","An","An","An"
966,"Example","Example","Example","Example","Example","Example","Example"
967,"CSV","CSV","CSV","CSV","CSV","CSV","CSV"
968,"For","For","For","For","For","For","For"
969,"Use","Use","Use","Use","Use","Use","Use"
970,"With","With","With","With","With","With","With"
971,"CSVimport","CSVimport","CSVimport","CSVimport","CSVimport","CSVimport","CSVimport"
972,"Module","Module","Module","Module","Module","Module","Module"
973,"Visit","Visit","Visit","Visit","Visit","Visit","Visit"
974,"http://github.com/xurizaemon/csvimport","http://github.com/xurizaemon/csvimport","http://github.com/xurizaemon/csvimport","http://github.com/xurizaemon/csvimport","http://github.com/xurizaemon/csvimport","http://github.com/xurizaemon/csvimport","http://github.com/xurizaemon/csvimport"
975,"For","For","For","For","For","For","For"
976,"More","More","More","More","More","More","More"
977,"Details","Details","Details","Details","Details","Details","Details"
978,"Follow","Follow","Follow","Follow","Follow","Follow","Follow"
979,"@grobot","@grobot","@grobot","@grobot","@grobot","@grobot","@grobot"
980,"On","On","On","On","On","On","On"
981,"Twitter","Twitter","Twitter","Twitter","Twitter","Twitter","Twitter"
982,"For","For","For","For","For","For","For"
983,"More","More","More","More","More","More","More"
984,"This","This","This","This","This","This","This"
985,"Is","Is","Is","Is","Is","Is","Is"
986,"An","An","An","An","An","An","An"
987,"Example","Example","Example","Example","Example","Example","Example"
988,"CSV","CSV","CSV","CSV","CSV","CSV","CSV"
989,"For","For","For","For","For","For","For"
990,"Use","Use","Use","Use","Use","Use","Use"
991,"With","With","With","With","With","With","With"
992,"CSVimport","CSVimport","CSVimport","CSVimport","CSVimport","CSVimport","CSVimport"
993,"Module","Module","Module","Module","Module","Module","Module"
994,"Visit","Visit","Visit","Visit","Visit","Visit","Visit"
995,"http://github.com/xurizaemon/csvimport","http://github.com/xurizaemon/csvimport","http://github.com/xurizaemon/csvimport","http://github.com/xurizaemon/csvimport","http://github.com/xurizaemon/csvimport","http://github.com/xurizaemon/csvimport","http://github.com/xurizaemon/csvimport"
996,"For","For","For","For","For","For","For"
997,"More","More","More","More","More","More","More"
998,"Details","Details","Details","Details","Details","Details","Details"
999,"Follow","Follow","Follow","Follow","Follow","Follow","Follow"
1000,"@grobot","@grobot","@grobot","@grobot","@grobot","@grobot","@grobot"
1001,"On","On","On","On","On","On","On"
1002,"Twitter","Twitter","Twitter","Twitter","Twitter","Twitter","Twitter"
1003,"For","For","For","For","For","For","For"
1004,"More","More","More","More","More","More","More"
1005,"This","This","This","This","This","This","This"
1006,"Is","Is","Is","Is","Is","Is","Is"
1007,"An","An","An","An","An","An","An"
1008,"Example","Example","Example","Example","Example","Example","Example"
1009,"CSV","CSV","CSV","CSV","CSV","CSV","CSV"
1010,"For","For","For","For","For","For","For"
1011,"Use","Use","Use","Use","Use","Use","Use"
1012,"With","With","With","With","With","With","With"
1013,"CSVimport","CSVimport","CSVimport","CSVimport","CSVimport","CSVimport","CSVimport"
1014,"Module","Module","Module","Module","Module","Module","Module"
1015,"Visit","Visit","Visit","Visit","Visit","Visit","Visit"
1016,"http://github.com/xurizaemon/csvimport","http://github.com/xurizaemon/csvimport","http://github.com/xurizaemon/csvimport","http://github.com/xurizaemon/csvimport","http://github.com/xurizaemon/csvimport","http://github.com/xurizaemon/csvimport","http://github.com/xurizaemon/csvimport"
1017,"For","For","For","For","For","For","For"
1018,"More","More","More","More","More","More","More"
1019,"Details","Details","Details","Details","Details","Details","Details"
1020,"Follow","Follow","Follow","Follow","Follow","Follow","Follow"
1021,"@grobot","@grobot","@grobot","@grobot","@grobot","@grobot","@grobot"
1022,"On","On","On","On","On","On","On"
1023,"Twitter","Twitter","Twitter","Twitter","Twitter","Twitter","Twitter"
1024,"For","For","For","For","For","For","For"
1025,"More","More","More","More","More","More","More"
1026,"This","This","This","This","This","This","This"
1027,"Is","Is","Is","Is","Is","Is","Is"
1028,"An","An","An","An","An","An","An"
1029,"Example","Example","Example","Example","Example","Example","Example"
1030,"CSV","CSV","CSV","CSV","CSV","CSV","CSV"
1031,"For","For","For","For","For","For","For"
1032,"Use","Use","Use","Use","Use","Use","Use"
1033,"With","With","With","With","With","With","With"
1034,"CSVimport","CSVimport","CSVimport","CSVimport","CSVimport","CSVimport","CSVimport"
1035,"Module","Module","Module","Module","Module","Module","Module"
1036,"Visit","Visit","Visit","Visit","Visit","Visit","Visit"
1037,"http://github.com/xurizaemon/csvimport","http://github.com/xurizaemon/csvimport","http://github.com/xurizaemon/csvimport","http://github.com/xurizaemon/csvimport","http://github.com/xurizaemon/csvimport","http://github.com/xurizaemon/csvimport","http://github.com/xurizaemon/csvimport"
1038,"For","For","For","For","For","For","For"
1039,"More","More","More","More","More","More","More"
1040,"Details","Details","Details","Details","Details","Details","Details"
1041,"Follow","Follow","Follow","Follow","Follow","Follow","Follow"
1042,"@grobot","@grobot","@grobot","@grobot","@grobot","@grobot","@grobot"
1043,"On","On","On","On","On","On","On"
1044,"Twitter","Twitter","Twitter","Twitter","Twitter","Twitter","Twitter"
1045,"For","For","For","For","For","For","For"
1046,"More","More","More","More","More","More","More"
1047,"This","This","This","This","This","This","This"
1048,"Is","Is","Is","Is","Is","Is","Is"
1049,"An","An","An","An","An","An","An"
1050,"Example","Example","Example","Example","Example","Example","Example"
1051,"CSV","CSV","CSV","CSV","CSV","CSV","CSV"
1052,"For","For","For","For","For","For","For"
1053,"Use","Use","Use","Use","Use","Use","Use"
1054,"With","With","With","With","With","With","With"
1055,"CSVimport","CSVimport","CSVimport","CSVimport","CSVimport","CSVimport","CSVimport"
1056,"Module","Module","Module","Module","Module","Module","Module"
1057,"Visit","Visit","Visit","Visit","Visit","Visit","Visit"
1058,"http://github.com/xurizaemon/csvimport","http://github.com/xurizaemon/csvimport","http://github.com/xurizaemon/csvimport","http://github.com/xurizaemon/csvimport","http://github.com/xurizaemon/csvimport","http://github.com/xurizaemon/csvimport","http://github.com/xurizaemon/csvimport"
1059,"For","For","For","For","For","For","For"
1060,"More","More","More","More","More","More","More"
1061,"Details","Details","Details","Details","Details","Details","Details"
1062,"Follow","Follow","Follow","Follow","Follow","Follow","Follow"
1063,"@grobot","@grobot","@grobot","@grobot","@grobot","@grobot","@grobot"
1064,"On","On","On","On","On","On","On"
1065,"Twitter","Twitter","Twitter","Twitter","Twitter","Twitter","Twitter"
1066,"For","For","For","For","For","For","For"
1067,"More","More","More","More","More","More","More"
1068,"This","This","This","This","This","This","This"
1069,"Is","Is","Is","Is","Is","Is","Is"
1070,"An","An","An","An","An","An","An"
1071,"Example","Example","Example","Example","Example","Example","Example"
1072,"CSV","CSV","CSV","CSV","CSV","CSV","CSV"
1073,"For","For","For","For","For","For","For"
1074,"Use","Use","Use","Use","Use","Use","Use"
1075,"With","With","With","With","With","With","With"
1076,"CSVimport","CSVimport","CSVimport","CSVimport","CSVimport","CSVimport","CSVimport"
1077,"Module","Module","Module","Module","Module","Module","Module"
1078,"Visit","Visit","Visit","Visit","Visit","Visit","Visit"
1079,"http://github.com/xurizaemon/csvimport","http://github.com/xurizaemon/csvimport","http://github.com/xurizaemon/csvimport","http://github.com/xurizaemon/csvimport","http://github.com/xurizaemon/csvimport","http://github.com/xurizaemon/csvimport","http://github.com/xurizaemon/csvimport"
1080,"For","For","For","For","For","For","For"
1081,"More","More","More","More","More","More","More"
1082,"Details","Details","Details","Details","Details","Details","Details"
1083,"Follow","Follow","Follow","Follow","Follow","Follow","Follow"
1084,"@grobot","@grobot","@grobot","@grobot","@grobot","@grobot","@grobot"
1085,"On","On","On","On","On","On","On"
1086,"Twitter","Twitter","Twitter","Twitter","Twitter","Twitter","Twitter"
1087,"For","For","For","For","For","For","For"
1088,"More","More","More","More","More","More","More"
1089,"This","This","This","This","This","This","This"
1090,"Is","Is","Is","Is","Is","Is","Is"
1091,"An","An","An","An","An","An","An"
1092,"Example","Example","Example","Example","Example","Example","Example"
1093,"CSV","CSV","CSV","CSV","CSV","CSV","CSV"
1094,"For","For","For","For","For","For","For"
1095,"Use","Use","Use","Use","Use","Use","Use"
1096,"With","With","With","With","With","With","With"
1097,"CSVimport","CSVimport","CSVimport","CSVimport","CSVimport","CSVimport","CSVimport"
1098,"Module","Module","Module","Module","Module","Module","Module"
1099,"Visit","Visit","Visit","Visit","Visit","Visit","Visit"
1100,"http://github.com/xurizaemon/csvimport","http://github.com/xurizaemon/csvimport","http://github.com/xurizaemon/csvimport","http://github.com/xurizaemon/csvimport","http://github.com/xurizaemon/csvimport","http://github.com/xurizaemon/csvimport","http://github.com/xurizaemon/csvimport"
1101,"For","For","For","For","For","For","For"
1102,"More","More","More","More","More","More","More"
1103,"Details","Details","Details","Details","Details","Details","Details"
1104,"Follow","Follow","Follow","Follow","Follow","Follow","Follow"
1105,"@grobot","@grobot","@grobot","@grobot","@grobot","@grobot","@grobot"
1106,"On","On","On","On","On","On","On"
1107,"Twitter","Twitter","Twitter","Twitter","Twitter","Twitter","Twitter"
1108,"For","For","For","For","For","For","For"
1109,"More","More","More","More","More","More","More"
1110,"This","This","This","This","This","This","This"
1111,"Is","Is","Is","Is","Is","Is","Is"
1112,"An","An","An","An","An","An","An"
1113,"Example","Example","Example","Example","Example","Example","Example"
1114,"CSV","CSV","CSV","CSV","CSV","CSV","CSV"
1115,"For","For","For","For","For","For","For"
1116,"Use","Use","Use","Use","Use","Use","Use"
1117,"With","With","With","With","With","With","With"
1118,"CSVimport","CSVimport","CSVimport","CSVimport","CSVimport","CSVimport","CSVimport"
1119,"Module","Module","Module","Module","Module","Module","Module"
1120,"Visit","Visit","Visit","Visit","Visit","Visit","Visit"
1121,"http://github.com/xurizaemon/csvimport","http://github.com/xurizaemon/csvimport","http://github.com/xurizaemon/csvimport","http://github.com/xurizaemon/csvimport","http://github.com/xurizaemon/csvimport","http://github.com/xurizaemon/csvimport","http://github.com/xurizaemon/csvimport"
